{"gen": 40, "elapsed": 6297.5, "front": [[5.848006659276316e-07, 29.34165723313844], [6.335815960667058e-07, 26.700405196486848], [6.273263940707641e-07, 28.0466002192804], [6.056973901105005e-07, 28.5728747178311], [6.32092482168341e-07, 27.47664214419044]], "n_feasible": 5}