{"gen": 40, "elapsed": 4395.1, "front": [[1.4638347586501272e-06, 27.6240127513723], [1.131098652311621e-06, 29.10080592611832], [1.0179928462534068e-06, 30.463195527889294], [1.2626633854586737e-06, 28.878449697223054], [1.4678020666212964e-06, 26.07237828684302], [1.310684510966241e-06, 27.795668367403582], [9.970972219441638e-07, 30.62300984797605], [8.959912500612692e-07, 36.95740747161829], [9.514789762581644e-07, 32.76371123129867], [9.017394177151203e-07, 34.96112020743335], [1.0421042888345966e-06, 29.53890254599649]], "n_feasible": 11}