{"gen": 33, "elapsed": 3626.9, "front": [[1.4826526521126232e-06, 26.585728828188305], [1.0929237586621989e-06, 32.7788541783967], [1.094242753350622e-06, 32.600289088459284], [1.4638347586501272e-06, 27.6240127513723], [1.2760547015967477e-06, 28.91272908300173], [1.1393393420908121e-06, 29.440472176391864], [1.1242630916941933e-06, 32.44778947548809], [1.0673202610746895e-06, 32.99700218448237], [1.019119586956844e-06, 34.13289660271836]], "knee": 5, "scene": null}