{"gen": 3, "elapsed": 438.9, "front": [[9.300322238877427e-07, 31.042765415426665]], "knee": 0, "scene": null}