{"gen": 1, "elapsed": 134.4, "front": [[1.0945880819049564e-06, 32.793399256528616]], "knee": 0, "scene": null}