{"gen": 25, "elapsed": 2722.4, "front": [[1.7265673490837908e-06, 26.94623861483257], [1.2109579782179936e-06, 33.96148777108935], [1.717718921014847e-06, 27.34882207040051], [1.4826526521126232e-06, 27.380329836679813]], "knee": 3, "scene": null}