{"gen": 7, "elapsed": 678.4, "front": [[1.5781470484193994e-06, 31.02891459985818]], "knee": 0, "scene": null}