{"gen": 3, "elapsed": 263.8, "front": [[1.9795740715821765e-06, 35.74839387312625]], "knee": 0, "scene": null}