{"gen": 35, "elapsed": 5503.8, "front": [[6.942622457813705e-07, 27.717300209028476], [7.066587327258114e-07, 27.291074070772623], [7.137848441056888e-07, 26.905150569882238], [6.288530058085029e-07, 28.805166282626956], [6.447630385605267e-07, 27.9071774580696], [6.568006605014706e-07, 27.73871999066844]], "knee": 5, "scene": null}