{"gen": 33, "elapsed": 5185.5, "front": [[6.369097738151819e-07, 30.716513398930978], [6.473367242895568e-07, 30.000511500981634], [6.522993523510602e-07, 29.966375373382004], [6.618007093747909e-07, 29.720664328889583], [6.942622457813705e-07, 27.717300209028476], [6.740037397061348e-07, 28.87822200299346], [7.066587327258114e-07, 27.291074070772623], [6.723645943889039e-07, 29.467201925670118], [7.137848441056888e-07, 26.905150569882238]], "knee": 5, "scene": null}