{"gen": 31, "elapsed": 4856.0, "front": [[6.369097738151819e-07, 30.716513398930978], [6.770488194578892e-07, 29.13547949334822], [7.250305871645639e-07, 26.923211023793744], [7.149706644202636e-07, 27.555205091325682], [6.473367242895568e-07, 30.000511500981634], [6.522993523510602e-07, 29.966375373382004], [7.020397700317966e-07, 28.815622801221455], [6.718024294242567e-07, 29.942381172447455]], "knee": 1, "scene": null}