{"gen": 19, "elapsed": 2909.0, "front": [[7.841691079615023e-07, 38.10007765021884], [9.564560206386425e-07, 30.034155364611856], [7.894899767337285e-07, 32.27285755066593], [7.965222188986847e-07, 31.319381514488537], [7.98237691197762e-07, 30.503688021842812], [9.879327778632486e-07, 29.403716519217173], [6.807274867211348e-07, 39.053272290770245]], "knee": 4, "scene": null}