{"gen": 7, "elapsed": 1057.4, "front": [[1.3947219557146543e-06, 31.427969901076757], [1.3533791153336738e-06, 41.23915575482705]], "knee": 0, "scene": null}