{"gen": 17, "elapsed": 2591.1, "front": [[1.0057070295177793e-06, 29.774277322632436], [8.084166114444894e-07, 30.990602372330454], [8.035143404329052e-07, 32.51741534170165], [9.818938220474033e-07, 30.34443741719791], [7.841691079615023e-07, 38.10007765021884], [8.077547321254217e-07, 32.097344411529946]], "knee": 1, "scene": null}