{"gen": 15, "elapsed": 2282.0, "front": [[1.0057070295177793e-06, 29.774277322632436], [8.084166114444894e-07, 30.990602372330454], [8.035143404329052e-07, 32.51741534170165], [9.818938220474033e-07, 30.34443741719791]], "knee": 1, "scene": null}