{"gen": 37, "elapsed": 4076.5, "front": [[1.4826526521126232e-06, 26.585728828188305], [1.4638347586501272e-06, 27.6240127513723], [1.2760547015967477e-06, 28.91272908300173], [1.1393393420908121e-06, 29.440472176391864], [9.535972160039278e-07, 33.29399164376025], [1.4090531373266916e-06, 28.816997156540932], [1.0725750956523516e-06, 30.197193953299323], [1.1391780657063173e-06, 29.69064463160978], [1.0170349802735584e-06, 31.049066870840086]], "knee": 3, "scene": null}