{"gen": 9, "elapsed": 1374.4, "front": [[1.3947219557146543e-06, 31.427969901076757], [1.3614464382748034e-06, 36.52676397879924], [1.0332941836637866e-06, 41.169462414640364], [1.3727745777396838e-06, 34.274551345772906], [1.3527775449766816e-06, 37.243421398256984]], "knee": 3, "scene": null}