{"gen": 39, "elapsed": 6158.5, "front": [[5.848006659276316e-07, 29.34165723313844], [6.335815960667058e-07, 26.700405196486848], [6.273263940707641e-07, 28.0466002192804], [6.056973901105005e-07, 28.67026305007821]], "knee": 3, "scene": null}