{"gen": 11, "elapsed": 1129.1, "front": [[1.5781470484193994e-06, 31.02891459985818], [1.6055300109839327e-06, 29.23370954239534]], "knee": 1, "scene": null}