{"gen": 13, "elapsed": 1342.2, "front": [[1.5781470484193994e-06, 31.02891459985818], [1.6055300109839327e-06, 29.23370954239534], [1.553634304600979e-06, 33.78301339246967]], "knee": 0, "scene": null}