{"gen": 35, "elapsed": 3855.8, "front": [[1.4826526521126232e-06, 26.585728828188305], [1.4638347586501272e-06, 27.6240127513723], [1.2760547015967477e-06, 28.91272908300173], [1.1393393420908121e-06, 29.440472176391864], [1.0673202610746895e-06, 32.99700218448237], [1.019119586956844e-06, 34.13289660271836], [1.0181523576834638e-06, 34.582349455527215], [1.0897403133546943e-06, 31.310321782441314]], "knee": 3, "scene": null}