{"gen": 5, "elapsed": 471.8, "front": [[1.9414311134255047e-06, 35.33450597362322]], "knee": 0, "scene": null}