{"gen": 9, "elapsed": 904.5, "front": [[1.5781470484193994e-06, 31.02891459985818]], "knee": 0, "scene": null}