{"gen": 17, "elapsed": 1797.3, "front": [[1.6055300109839327e-06, 29.23370954239534], [1.7161794833280628e-06, 29.21277991044278], [1.5704369751135325e-06, 29.300663686778783], [1.5344139361797574e-06, 30.413263931397083]], "knee": 2, "scene": null}