{"gen": 39, "elapsed": 4305.3, "front": [[1.4826526521126232e-06, 26.585728828188305], [1.4638347586501272e-06, 27.6240127513723], [1.4090531373266916e-06, 28.816997156540932], [1.0725750956523516e-06, 30.197193953299323], [1.0170349802735584e-06, 31.049066870840086], [1.131098652311621e-06, 29.10080592611832], [1.4355377643009508e-06, 27.912464231122858], [1.0179928462534068e-06, 30.463195527889294], [1.2626633854586737e-06, 28.878449697223054], [9.503845926467641e-07, 37.34290734064733], [1.4831402035580163e-06, 26.5667734330573], [1.4237009274257415e-06, 28.25600820528164], [9.514789762581644e-07, 32.95061467560812], [9.971906980199037e-07, 31.075217115687938], [1.1057122098889011e-06, 30.05033105904328]], "knee": 7, "scene": null}