{"gen": 27, "elapsed": 2960.9, "front": [[1.7265673490837908e-06, 26.94623861483257], [1.2109579782179936e-06, 33.96148777108935], [1.717718921014847e-06, 27.34882207040051], [1.4826526521126232e-06, 27.380329836679813], [1.2597224931666685e-06, 33.449612994819915], [1.303020012925638e-06, 31.239893836978887], [1.3005072488750616e-06, 32.330663997450976]], "knee": 3, "scene": null}