{"gen": 1, "elapsed": 74.0, "front": [[2.0102917288712133e-06, 32.63602894883047]], "knee": 0, "scene": null}