{"gen": 27, "elapsed": 4222.7, "front": [[8.129159363337106e-07, 27.319163955213384], [7.90198127053659e-07, 28.456195017853513], [6.793737978801513e-07, 30.796921341541243], [6.787991495116557e-07, 31.780737641953845], [7.095799305119754e-07, 29.514463095859348], [7.996163241009763e-07, 28.025924695916853], [6.706200001056123e-07, 33.8602789293283], [7.256066837115988e-07, 29.135322553030853], [7.162872506676177e-07, 29.346357900556686]], "knee": 4, "scene": null}