{"gen": 29, "elapsed": 3190.7, "front": [[1.2109579782179936e-06, 33.96148777108935], [1.4601060431559498e-06, 30.546665403250927], [1.2762576678977304e-06, 30.908479097237347], [1.4346042053883797e-06, 30.69118466606041], [1.4826526521126232e-06, 26.585728828188305], [1.2322557029738192e-06, 32.35898606006951]], "knee": 2, "scene": null}