{"gen": 23, "elapsed": 3578.3, "front": [[7.775119570167816e-07, 30.108828966267186], [8.129159363337106e-07, 27.319163955213384], [7.90198127053659e-07, 28.456195017853513], [6.793737978801513e-07, 30.796921341541243], [7.870053801752963e-07, 30.04160528712552]], "knee": 2, "scene": null}