{"gen": 21, "elapsed": 3233.2, "front": [[6.807274867211348e-07, 39.053272290770245], [8.012916019797557e-07, 29.679995734593348], [7.676593530002908e-07, 36.71878855093599], [7.775119570167816e-07, 30.108828966267186], [8.129159363337106e-07, 27.319163955213384], [7.677795244429939e-07, 31.648858603145992]], "knee": 5, "scene": null}