{"gen": 29, "elapsed": 4533.7, "front": [[8.129159363337106e-07, 27.319163955213384], [7.095799305119754e-07, 29.514463095859348], [7.138439444076499e-07, 28.92469994605571], [6.860750742946897e-07, 30.239688193015315], [7.149706644202636e-07, 27.734474879476053], [6.369097738151819e-07, 30.716513398930978]], "knee": 4, "scene": null}