{"gen": 23, "elapsed": 2488.2, "front": [[1.5704369751135325e-06, 29.300663686778783], [1.5344139361797574e-06, 30.413263931397083], [1.572500831930463e-06, 29.142432669426633], [1.7265673490837908e-06, 26.94623861483257], [1.5054772316380146e-06, 32.18387422400977], [1.2109579782179936e-06, 33.96148777108935], [1.717718921014847e-06, 27.34882207040051], [1.7169954225388658e-06, 29.110786662147653], [1.5269273907483498e-06, 31.299248605861305], [1.5052716829668601e-06, 33.06572780073377], [1.5720114758188796e-06, 29.155194133465237], [1.5479815094058245e-06, 29.882942790864156]], "knee": 10, "scene": null}