{"gen": 19, "elapsed": 2041.2, "front": [[1.5704369751135325e-06, 29.300663686778783], [1.5344139361797574e-06, 30.413263931397083], [1.572500831930463e-06, 29.142432669426633], [1.7265673490837908e-06, 26.94623861483257]], "knee": 2, "scene": null}