{"gen": 31, "elapsed": 3407.7, "front": [[1.4826526521126232e-06, 26.585728828188305], [1.0929237586621989e-06, 32.7788541783967], [1.2270838842862078e-06, 30.903757105035062], [1.094242753350622e-06, 32.600289088459284], [1.4638347586501272e-06, 27.6240127513723], [1.2760547015967477e-06, 28.91272908300173]], "knee": 5, "scene": null}