{"gen": 13, "elapsed": 1972.6, "front": [[1.0057070295177793e-06, 29.774277322632436], [8.084166114444894e-07, 30.990602372330454]], "knee": 0, "scene": null}