{"gen": 5, "elapsed": 747.2, "front": [[9.258030288858289e-07, 29.871457403533114]], "knee": 0, "scene": null}