{"gen": 25, "elapsed": 3901.3, "front": [[8.129159363337106e-07, 27.319163955213384], [7.90198127053659e-07, 28.456195017853513], [6.793737978801513e-07, 30.796921341541243], [7.65618807820489e-07, 29.417607782178873], [6.787991495116557e-07, 31.780737641953845], [7.730175066025622e-07, 29.374002412095997], [7.095799305119754e-07, 29.514463095859348], [7.996163241009763e-07, 28.025924695916853]], "knee": 6, "scene": null}