{"gen": 37, "elapsed": 5825.1, "front": [[7.066587327258114e-07, 27.291074070772623], [7.137848441056888e-07, 26.905150569882238], [6.288530058085029e-07, 28.805166282626956], [6.284011317118972e-07, 29.06670303291209], [6.392863125487805e-07, 27.46122225558294], [7.66447371205912e-07, 26.898743318076942], [6.269814294322391e-07, 29.23495979776613]], "knee": 4, "scene": null}